code,english_name,part
aa,Afar,639-1
aar,Afar,639-2
ab,Abkhazian,639-1
abk,Abkhazian,639-2
ace,Achinese,639-2
ach,Acoli,639-2
ada,Adangme,639-2
ady,Adyghe; Adygei,639-2
ae,Avestan,639-1
af,Afrikaans,639-1
afa,Afro-Asiatic languages,639-2
afh,Afrihili,639-2
afr,Afrikaans,639-2
ain,Ainu,639-2
ak,Akan,639-1
aka,Akan,639-2
akk,Akkadian,639-2
alb,Albanian,639-2
ale,Aleut,639-2
alg,Algonquian languages,639-2
alt,Southern Altai,639-2
am,Amharic,639-1
amh,Amharic,639-2
an,Aragonese,639-1
ang,"English, Old (ca.450-1100)",639-2
anp,Angika,639-2
apa,Apache languages,639-2
ar,Arabic,639-1
ara,Arabic,639-2
arc,Official Aramaic (700-300 BCE); Imperial Aramaic (700-300 BCE),639-2
arg,Aragonese,639-2
arm,Armenian,639-2
arn,Mapudungun; Mapuche,639-2
arp,Arapaho,639-2
art,Artificial languages,639-2
arw,Arawak,639-2
as,Assamese,639-1
asm,Assamese,639-2
ast,Asturian; Bable; Leonese; Asturleonese,639-2
ath,Athapascan languages,639-2
aus,Australian languages,639-2
av,Avaric,639-1
ava,Avaric,639-2
ave,Avestan,639-2
awa,Awadhi,639-2
ay,Aymara,639-1
aym,Aymara,639-2
az,Azerbaijani,639-1
aze,Azerbaijani,639-2
ba,Bashkir,639-1
bad,Banda languages,639-2
bai,Bamileke languages,639-2
bak,Bashkir,639-2
bal,Baluchi,639-2
bam,Bambara,639-2
ban,Balinese,639-2
baq,Basque,639-2
bas,Basa,639-2
bat,Baltic languages,639-2
be,Belarusian,639-1
bej,Beja; Bedawiyet,639-2
bel,Belarusian,639-2
bem,Bemba,639-2
ben,Bengali,639-2
ber,Berber languages,639-2
bg,Bulgarian,639-1
bho,Bhojpuri,639-2
bi,Bislama,639-1
bih,Bihari languages,639-2
bik,Bikol,639-2
bin,Bini; Edo,639-2
bis,Bislama,639-2
bla,Siksika,639-2
bm,Bambara,639-1
bn,Bengali,639-1
bnt,Bantu languages,639-2
bo,Tibetan,639-1
bod,Tibetan,639-2
bos,Bosnian,639-2
br,Breton,639-1
bra,Braj,639-2
bre,Breton,639-2
bs,Bosnian,639-1
btk,Batak languages,639-2
bua,Buriat,639-2
bug,Buginese,639-2
bul,Bulgarian,639-2
bur,Burmese,639-2
byn,Blin; Bilin,639-2
ca,Catalan; Valencian,639-1
cad,Caddo,639-2
cai,Central American Indian languages,639-2
car,Galibi Carib,639-2
cat,Catalan; Valencian,639-2
cau,Caucasian languages,639-2
ce,Chechen,639-1
ceb,Cebuano,639-2
cel,Celtic languages,639-2
ces,Czech,639-2
ch,Chamorro,639-1
cha,Chamorro,639-2
chb,Chibcha,639-2
che,Chechen,639-2
chg,Chagatai,639-2
chi,Chinese,639-2
chk,Chuukese,639-2
chm,Mari,639-2
chn,Chinook jargon,639-2
cho,Choctaw,639-2
chp,Chipewyan; Dene Suline,639-2
chr,Cherokee,639-2
chu,Church Slavic; Old Slavonic; Church Slavonic; Old Bulgarian; Old Church Slavonic,639-2
chv,Chuvash,639-2
chy,Cheyenne,639-2
cmc,Chamic languages,639-2
cnr,Montenegrin,639-2
co,Corsican,639-1
cop,Coptic,639-2
cor,Cornish,639-2
cos,Corsican,639-2
cpe,"Creoles and pidgins, English based",639-2
cpf,"Creoles and pidgins, French-based",639-2
cpp,"Creoles and pidgins, Portuguese-based",639-2
cr,Cree,639-1
cre,Cree,639-2
crh,Crimean Tatar; Crimean Turkish,639-2
crp,Creoles and pidgins,639-2
cs,Czech,639-1
csb,Kashubian,639-2
cu,Church Slavic; Old Slavonic; Church Slavonic; Old Bulgarian; Old Church Slavonic,639-1
cus,Cushitic languages,639-2
cv,Chuvash,639-1
cy,Welsh,639-1
cym,Welsh,639-2
cze,Czech,639-2
da,Danish,639-1
dak,Dakota,639-2
dan,Danish,639-2
dar,Dargwa,639-2
day,Land Dayak languages,639-2
de,German,639-1
del,Delaware,639-2
den,Slave (Athapascan),639-2
deu,German,639-2
dgr,Tlicho; Dogrib,639-2
din,Dinka,639-2
div,Divehi; Dhivehi; Maldivian,639-2
doi,Dogri,639-2
dra,Dravidian languages,639-2
dsb,Lower Sorbian,639-2
dua,Duala,639-2
dum,"Dutch, Middle (ca.1050-1350)",639-2
dut,Dutch; Flemish,639-2
dv,Divehi; Dhivehi; Maldivian,639-1
dyu,Dyula,639-2
dz,Dzongkha,639-1
dzo,Dzongkha,639-2
ee,Ewe,639-1
efi,Efik,639-2
egy,Egyptian (Ancient),639-2
eka,Ekajuk,639-2
el,Modern Greek (1453-),639-1
ell,Modern Greek (1453-),639-2
elx,Elamite,639-2
en,English,639-1
eng,English,639-2
enm,"English, Middle (1100-1500)",639-2
eo,Esperanto,639-1
epo,Esperanto,639-2
es,Spanish; Castilian,639-1
est,Estonian,639-2
et,Estonian,639-1
eu,Basque,639-1
eus,Basque,639-2
ewe,Ewe,639-2
ewo,Ewondo,639-2
fa,Persian,639-1
fan,Fang,639-2
fao,Faroese,639-2
fas,Persian,639-2
fat,Fanti,639-2
ff,Fulah,639-1
fi,Finnish,639-1
fij,Fijian,639-2
fil,Filipino; Pilipino,639-2
fin,Finnish,639-2
fiu,Finno-Ugrian languages,639-2
fj,Fijian,639-1
fo,Faroese,639-1
fon,Fon,639-2
fr,French,639-1
fra,French,639-2
fre,French,639-2
frm,"French, Middle (ca.1400-1600)",639-2
fro,"French, Old (842-ca.1400)",639-2
frr,Northern Frisian,639-2
frs,Eastern Frisian,639-2
fry,Western Frisian,639-2
ful,Fulah,639-2
fur,Friulian,639-2
fy,Western Frisian,639-1
ga,Irish,639-1
gaa,Ga,639-2
gay,Gayo,639-2
gba,Gbaya,639-2
gd,Gaelic; Scottish Gaelic,639-1
gem,Germanic languages,639-2
geo,Georgian,639-2
ger,German,639-2
gez,Geez,639-2
gil,Gilbertese,639-2
gl,Galician,639-1
gla,Gaelic; Scottish Gaelic,639-2
gle,Irish,639-2
glg,Galician,639-2
glv,Manx,639-2
gmh,"German, Middle High (ca.1050-1500)",639-2
gn,Guarani,639-1
goh,"German, Old High (ca.750-1050)",639-2
gon,Gondi,639-2
gor,Gorontalo,639-2
got,Gothic,639-2
grb,Grebo,639-2
grc,"Greek, Ancient (to 1453)",639-2
gre,Modern Greek (1453-),639-2
grn,Guarani,639-2
gsw,Swiss German; Alemannic; Alsatian,639-2
gu,Gujarati,639-1
guj,Gujarati,639-2
gv,Manx,639-1
gwi,Gwich'in,639-2
ha,Hausa,639-1
hai,Haida,639-2
hat,Haitian; Haitian Creole,639-2
hau,Hausa,639-2
haw,Hawaiian,639-2
he,Hebrew,639-1
heb,Hebrew,639-2
her,Herero,639-2
hi,Hindi,639-1
hil,Hiligaynon,639-2
him,Himachali languages; Western Pahari languages,639-2
hin,Hindi,639-2
hit,Hittite,639-2
hmn,Hmong; Mong,639-2
hmo,Hiri Motu,639-2
ho,Hiri Motu,639-1
hr,Croatian,639-1
hrv,Croatian,639-2
hsb,Upper Sorbian,639-2
ht,Haitian; Haitian Creole,639-1
hu,Hungarian,639-1
hun,Hungarian,639-2
hup,Hupa,639-2
hy,Armenian,639-1
hye,Armenian,639-2
hz,Herero,639-1
ia,Interlingua (International Auxiliary Language Association),639-1
iba,Iban,639-2
ibo,Igbo,639-2
ice,Icelandic,639-2
id,Indonesian,639-1
ido,Ido,639-2
ie,Interlingue; Occidental,639-1
ig,Igbo,639-1
ii,Sichuan Yi; Nuosu,639-1
iii,Sichuan Yi; Nuosu,639-2
ijo,Ijo languages,639-2
ik,Inupiaq,639-1
iku,Inuktitut,639-2
ile,Interlingue; Occidental,639-2
ilo,Iloko,639-2
ina,Interlingua (International Auxiliary Language Association),639-2
inc,Indic languages,639-2
ind,Indonesian,639-2
ine,Indo-European languages,639-2
inh,Ingush,639-2
io,Ido,639-1
ipk,Inupiaq,639-2
ira,Iranian languages,639-2
iro,Iroquoian languages,639-2
is,Icelandic,639-1
isl,Icelandic,639-2
it,Italian,639-1
ita,Italian,639-2
iu,Inuktitut,639-1
ja,Japanese,639-1
jav,Javanese,639-2
jbo,Lojban,639-2
jpn,Japanese,639-2
jpr,Judeo-Persian,639-2
jrb,Judeo-Arabic,639-2
jv,Javanese,639-1
ka,Georgian,639-1
kaa,Kara-Kalpak,639-2
kab,Kabyle,639-2
kac,Kachin; Jingpho,639-2
kal,Kalaallisut; Greenlandic,639-2
kam,Kamba,639-2
kan,Kannada,639-2
kar,Karen languages,639-2
kas,Kashmiri,639-2
kat,Georgian,639-2
kau,Kanuri,639-2
kaw,Kawi,639-2
kaz,Kazakh,639-2
kbd,Kabardian,639-2
kg,Kongo,639-1
kha,Khasi,639-2
khi,Khoisan languages,639-2
khm,Central Khmer,639-2
kho,Khotanese; Sakan,639-2
ki,Kikuyu; Gikuyu,639-1
kik,Kikuyu; Gikuyu,639-2
kin,Kinyarwanda,639-2
kir,Kirghiz; Kyrgyz,639-2
kj,Kuanyama; Kwanyama,639-1
kk,Kazakh,639-1
kl,Kalaallisut; Greenlandic,639-1
km,Central Khmer,639-1
kmb,Kimbundu,639-2
kn,Kannada,639-1
ko,Korean,639-1
kok,Konkani,639-2
kom,Komi,639-2
kon,Kongo,639-2
kor,Korean,639-2
kos,Kosraean,639-2
kpe,Kpelle,639-2
kr,Kanuri,639-1
krc,Karachay-Balkar,639-2
krl,Karelian,639-2
kro,Kru languages,639-2
kru,Kurukh,639-2
ks,Kashmiri,639-1
ku,Kurdish,639-1
kua,Kuanyama; Kwanyama,639-2
kum,Kumyk,639-2
kur,Kurdish,639-2
kut,Kutenai,639-2
kv,Komi,639-1
kw,Cornish,639-1
ky,Kirghiz; Kyrgyz,639-1
la,Latin,639-1
lad,Ladino,639-2
lah,Lahnda,639-2
lam,Lamba,639-2
lao,Lao,639-2
lat,Latin,639-2
lav,Latvian,639-2
lb,Luxembourgish; Letzeburgesch,639-1
lez,Lezghian,639-2
lg,Ganda,639-1
li,Limburgan; Limburger; Limburgish,639-1
lim,Limburgan; Limburger; Limburgish,639-2
lin,Lingala,639-2
lit,Lithuanian,639-2
ln,Lingala,639-1
lo,Lao,639-1
lol,Mongo,639-2
loz,Lozi,639-2
lt,Lithuanian,639-1
ltz,Luxembourgish; Letzeburgesch,639-2
lu,Luba-Katanga,639-1
lua,Luba-Lulua,639-2
lub,Luba-Katanga,639-2
lug,Ganda,639-2
lui,Luiseno,639-2
lun,Lunda,639-2
luo,Luo (Kenya and Tanzania),639-2
lus,Lushai,639-2
lv,Latvian,639-1
mac,Macedonian,639-2
mad,Madurese,639-2
mag,Magahi,639-2
mah,Marshallese,639-2
mai,Maithili,639-2
mak,Makasar,639-2
mal,Malayalam,639-2
man,Mandingo,639-2
mao,Maori,639-2
map,Austronesian languages,639-2
mar,Marathi,639-2
mas,Masai,639-2
may,Malay,639-2
mdf,Moksha,639-2
mdr,Mandar,639-2
men,Mende,639-2
mg,Malagasy,639-1
mga,"Irish, Middle (900-1200)",639-2
mh,Marshallese,639-1
mi,Maori,639-1
mic,Mi'kmaq; Micmac,639-2
min,Minangkabau,639-2
mis,Uncoded languages,639-2
mk,Macedonian,639-1
mkd,Macedonian,639-2
mkh,Mon-Khmer languages,639-2
ml,Malayalam,639-1
mlg,Malagasy,639-2
mlt,Maltese,639-2
mn,Mongolian,639-1
mnc,Manchu,639-2
mni,Manipuri,639-2
mno,Manobo languages,639-2
moh,Mohawk,639-2
mon,Mongolian,639-2
mos,Mossi,639-2
mr,Marathi,639-1
mri,Maori,639-2
ms,Malay,639-1
msa,Malay,639-2
mt,Maltese,639-1
mul,Multiple languages,639-2
mun,Munda languages,639-2
mus,Creek,639-2
mwl,Mirandese,639-2
mwr,Marwari,639-2
my,Burmese,639-1
mya,Burmese,639-2
myn,Mayan languages,639-2
myv,Erzya,639-2
na,Nauru,639-1
nah,Nahuatl languages,639-2
nai,North American Indian languages,639-2
nap,Neapolitan,639-2
nau,Nauru,639-2
nav,Navajo; Navaho,639-2
nb,Norwegian Bokmål,639-1
nbl,South Ndebele,639-2
nd,North Ndebele,639-1
nde,North Ndebele,639-2
ndo,Ndonga,639-2
nds,"Low German; Low Saxon; German, Low; Saxon, Low",639-2
ne,Nepali,639-1
nep,Nepali,639-2
new,Nepal Bhasa; Newar; Newari,639-2
ng,Ndonga,639-1
nia,Nias,639-2
nic,Niger-Kordofanian languages,639-2
niu,Niuean,639-2
nl,Dutch; Flemish,639-1
nld,Dutch; Flemish,639-2
nn,Norwegian Nynorsk,639-1
nno,Norwegian Nynorsk,639-2
no,Norwegian,639-1
nob,Norwegian Bokmål,639-2
nog,Nogai,639-2
non,"Norse, Old",639-2
nor,Norwegian,639-2
nqo,N'Ko,639-2
nr,South Ndebele,639-1
nso,Pedi; Sepedi; Northern Sotho,639-2
nub,Nubian languages,639-2
nv,Navajo; Navaho,639-1
nwc,Classical Newari; Old Newari; Classical Nepal Bhasa,639-2
ny,Chichewa; Chewa; Nyanja,639-1
nya,Chichewa; Chewa; Nyanja,639-2
nym,Nyamwezi,639-2
nyn,Nyankole,639-2
nyo,Nyoro,639-2
nzi,Nzima,639-2
oc,Occitan (post 1500),639-1
oci,Occitan (post 1500),639-2
oj,Ojibwa,639-1
oji,Ojibwa,639-2
om,Oromo,639-1
or,Oriya,639-1
ori,Oriya,639-2
orm,Oromo,639-2
os,Ossetian; Ossetic,639-1
osa,Osage,639-2
oss,Ossetian; Ossetic,639-2
ota,"Turkish, Ottoman (1500-1928)",639-2
oto,Otomian languages,639-2
pa,Panjabi; Punjabi,639-1
paa,Papuan languages,639-2
pag,Pangasinan,639-2
pal,Pahlavi,639-2
pam,Pampanga; Kapampangan,639-2
pan,Panjabi; Punjabi,639-2
pap,Papiamento,639-2
pau,Palauan,639-2
peo,"Persian, Old (ca.600-400 B.C.)",639-2
per,Persian,639-2
phi,Philippine languages,639-2
phn,Phoenician,639-2
pi,Pali,639-1
pl,Polish,639-1
pli,Pali,639-2
pol,Polish,639-2
pon,Pohnpeian,639-2
por,Portuguese,639-2
pra,Prakrit languages,639-2
pro,"Provençal, Old (to 1500); Occitan, Old (to 1500)",639-2
ps,Pushto; Pashto,639-1
pt,Portuguese,639-1
pus,Pushto; Pashto,639-2
qaa-qtz,Reserved for local use,639-2
qu,Quechua,639-1
que,Quechua,639-2
raj,Rajasthani,639-2
rap,Rapanui,639-2
rar,Rarotongan; Cook Islands Maori,639-2
rm,Romansh,639-1
rn,Rundi,639-1
ro,Romanian; Moldavian; Moldovan,639-1
roa,Romance languages,639-2
roh,Romansh,639-2
rom,Romany,639-2
ron,Romanian; Moldavian; Moldovan,639-2
ru,Russian,639-1
rum,Romanian; Moldavian; Moldovan,639-2
run,Rundi,639-2
rup,Aromanian; Arumanian; Macedo-Romanian,639-2
rus,Russian,639-2
rw,Kinyarwanda,639-1
sa,Sanskrit,639-1
sad,Sandawe,639-2
sag,Sango,639-2
sah,Yakut,639-2
sai,South American Indian languages,639-2
sal,Salishan languages,639-2
sam,Samaritan Aramaic,639-2
san,Sanskrit,639-2
sas,Sasak,639-2
sat,Santali,639-2
sc,Sardinian,639-1
scn,Sicilian,639-2
sco,Scots,639-2
sd,Sindhi,639-1
se,Northern Sami,639-1
sel,Selkup,639-2
sem,Semitic languages,639-2
sg,Sango,639-1
sga,"Irish, Old (to 900)",639-2
sgn,Sign Languages,639-2
shn,Shan,639-2
si,Sinhala; Sinhalese,639-1
sid,Sidamo,639-2
sin,Sinhala; Sinhalese,639-2
sio,Siouan languages,639-2
sit,Sino-Tibetan languages,639-2
sk,Slovak,639-1
sl,Slovenian,639-1
sla,Slavic languages,639-2
slk,Slovak,639-2
slo,Slovak,639-2
slv,Slovenian,639-2
sm,Samoan,639-1
sma,Southern Sami,639-2
sme,Northern Sami,639-2
smi,Sami languages,639-2
smj,Lule Sami,639-2
smn,Inari Sami,639-2
smo,Samoan,639-2
sms,Skolt Sami,639-2
sn,Shona,639-1
sna,Shona,639-2
snd,Sindhi,639-2
snk,Soninke,639-2
so,Somali,639-1
sog,Sogdian,639-2
som,Somali,639-2
son,Songhai languages,639-2
sot,"Sotho, Southern",639-2
spa,Spanish; Castilian,639-2
sq,Albanian,639-1
sqi,Albanian,639-2
sr,Serbian,639-1
srd,Sardinian,639-2
srn,Sranan Tongo,639-2
srp,Serbian,639-2
srr,Serer,639-2
ss,Swati,639-1
ssa,Nilo-Saharan languages,639-2
ssw,Swati,639-2
st,"Sotho, Southern",639-1
su,Sundanese,639-1
suk,Sukuma,639-2
sun,Sundanese,639-2
sus,Susu,639-2
sux,Sumerian,639-2
sv,Swedish,639-1
sw,Swahili,639-1
swa,Swahili,639-2
swe,Swedish,639-2
syc,Classical Syriac,639-2
syr,Syriac,639-2
ta,Tamil,639-1
tah,Tahitian,639-2
tai,Tai languages,639-2
tam,Tamil,639-2
tat,Tatar,639-2
te,Telugu,639-1
tel,Telugu,639-2
tem,Timne,639-2
ter,Tereno,639-2
tet,Tetum,639-2
tg,Tajik,639-1
tgk,Tajik,639-2
tgl,Tagalog,639-2
th,Thai,639-1
tha,Thai,639-2
ti,Tigrinya,639-1
tib,Tibetan,639-2
tig,Tigre,639-2
tir,Tigrinya,639-2
tiv,Tiv,639-2
tk,Turkmen,639-1
tkl,Tokelau,639-2
tl,Tagalog,639-1
tlh,Klingon; tlhIngan-Hol,639-2
tli,Tlingit,639-2
tmh,Tamashek,639-2
tn,Tswana,639-1
to,Tonga (Tonga Islands),639-1
tog,Tonga (Nyasa),639-2
ton,Tonga (Tonga Islands),639-2
tpi,Tok Pisin,639-2
tr,Turkish,639-1
ts,Tsonga,639-1
tsi,Tsimshian,639-2
tsn,Tswana,639-2
tso,Tsonga,639-2
tt,Tatar,639-1
tuk,Turkmen,639-2
tum,Tumbuka,639-2
tup,Tupi languages,639-2
tur,Turkish,639-2
tut,Altaic languages,639-2
tvl,Tuvalu,639-2
tw,Twi,639-1
twi,Twi,639-2
ty,Tahitian,639-1
tyv,Tuvinian,639-2
udm,Udmurt,639-2
ug,Uighur; Uyghur,639-1
uga,Ugaritic,639-2
uig,Uighur; Uyghur,639-2
uk,Ukrainian,639-1
ukr,Ukrainian,639-2
umb,Umbundu,639-2
und,Undetermined,639-2
ur,Urdu,639-1
urd,Urdu,639-2
uz,Uzbek,639-1
uzb,Uzbek,639-2
vai,Vai,639-2
ve,Venda,639-1
ven,Venda,639-2
vi,Vietnamese,639-1
vie,Vietnamese,639-2
vo,Volapük,639-1
vol,Volapük,639-2
vot,Votic,639-2
wa,Walloon,639-1
wak,Wakashan languages,639-2
wal,Wolaitta; Wolaytta,639-2
war,Waray,639-2
was,Washo,639-2
wel,Welsh,639-2
wen,Sorbian languages,639-2
wln,Walloon,639-2
wo,Wolof,639-1
wol,Wolof,639-2
xal,Kalmyk; Oirat,639-2
xh,Xhosa,639-1
xho,Xhosa,639-2
yao,Yao,639-2
yap,Yapese,639-2
yi,Yiddish,639-1
yid,Yiddish,639-2
yo,Yoruba,639-1
yor,Yoruba,639-2
ypk,Yupik languages,639-2
za,Zhuang; Chuang,639-1
zap,Zapotec,639-2
zbl,Blissymbols; Blissymbolics; Bliss,639-2
zen,Zenaga,639-2
zgh,Standard Moroccan Tamazight,639-2
zh,Chinese,639-1
zha,Zhuang; Chuang,639-2
zho,Chinese,639-2
znd,Zande languages,639-2
zu,Zulu,639-1
zul,Zulu,639-2
zun,Zuni,639-2
zxx,No linguistic content; Not applicable,639-2
zza,Zaza; Dimili; Dimli; Kirdki; Kirmanjki; Zazaki,639-2
